time,latitude,longitude,depth,mag,magType,nst,gap,dmin,rms,net,id,updated,place,type,horizontalError,depthError,magError,magNst,status,locationSource,magSource
2021-12-02T02:26:57.631Z,50.9884,179.6145,10,5.3,mww,,49,0.913,0.8,us,us6000g8cc,2021-12-02T02:44:42.439Z,"278 km WSW of Adak, Alaska",earthquake,6.4,1.9,0.06,27,reviewed,us,us
2021-12-02T02:03:33.070Z,19.5011673,-155.6591644,2.789999962,3.18,ml,49,55,,0.219999999,hv,hv72819152,2021-12-02T02:40:58.338Z,"22 km ENE of Honaunau-Napoopoo, Hawaii",earthquake,0.4,0.550000012,3.41,36,automatic,hv,hv
2021-12-02T01:04:11.579Z,60.0464,-141.5958,3.8,3.1,ml,,,,0.81,ak,ak021ffp6x9q,2021-12-02T01:17:39.055Z,"118 km WNW of Yakutat, Alaska",earthquake,,0.2,,,automatic,ak,ak
2021-12-02T00:47:12.770Z,19.20266724,-155.3966675,31.89999962,2.67000008,md,32,172,,0.090000004,hv,hv72819057,2021-12-02T00:50:25.360Z,"8 km E of P?hala, Hawaii",earthquake,0.7,0.860000014,0.910000026,5,automatic,hv,hv
2021-12-01T23:55:08.176Z,54.9852,-157.5245,15.5,3.8,ml,,,,0.63,ak,ak021fef219j,2021-12-02T00:50:54.392Z,"145 km SE of Perryville, Alaska",earthquake,,1,,,reviewed,ak,ak
2021-12-01T22:30:46.035Z,12.5946,-89.4101,10,4.7,mb,,170,1.053,0.9,us,us6000g8aj,2021-12-02T02:15:21.040Z,"99 km S of La Libertad, El Salvador",earthquake,7.3,2,0.078,50,reviewed,us,us
2021-12-01T22:08:02.280Z,17.9903,-66.765,14,2.91,md,16,166,0.1152,0.23,pr,pr2021335004,2021-12-01T23:55:46.695Z,"3 km S of Magas Arriba, Puerto Rico",earthquake,0.55,0.64,0.21,9,reviewed,pr,pr
2021-12-01T20:20:29.264Z,-60.0125,-24.0763,10,4.9,mb,,192,8.85,0.61,us,us6000g89s,2021-12-01T20:36:28.040Z,,earthquake,16.1,2,0.094,35,reviewed,us,us
2021-12-01T18:25:41.673Z,-19.2616,-69.2241,118.48,4.7,mwr,,82,0.405,0.92,us,us6000g895,2021-12-01T21:35:52.173Z,"142 km SE of Arica, Chile",earthquake,5.9,1.4,,,reviewed,us,guc
2021-12-01T17:23:01.894Z,-10.3692,161.3168,40.06,5.3,mww,,18,1.635,0.94,us,us6000g88z,2021-12-01T19:09:36.040Z,"66 km W of Kirakira, Solomon Islands",earthquake,7.8,4.6,0.083,14,reviewed,us,us
2021-12-01T16:58:38.264Z,36.2037,140.0476,68.06,5,mww,,106,1.521,0.67,us,us6000g88v,2021-12-02T02:18:04.522Z,"4 km W of Tsukuba, Japan",earthquake,6.9,6.1,0.093,11,reviewed,us,us
2021-12-01T15:24:12.586Z,61.2677,-139.0179,0.2,2.9,ml,,,,1.23,ak,ak021fea3xrq,2021-12-01T15:33:37.871Z,"Southern Yukon Territory, Canada",earthquake,,1,,,automatic,ak,ak
2021-12-01T14:31:36.768Z,40.314,140.86,7.72,4.5,mb,,126,0.499,1.59,us,us6000g874,2021-12-01T16:45:43.040Z,"15 km NNE of Hanawa, Japan",earthquake,5.7,4.8,0.204,7,reviewed,us,us
2021-12-01T12:50:37.420Z,19.2218,-67.746,31,3.34,md,14,256,0.8788,0.47,pr,pr2021335003,2021-12-01T13:28:35.927Z,"99 km NE of Punta Cana, Dominican Republic",earthquake,2.45,23.49,0.08,11,reviewed,pr,pr
2021-12-01T11:30:11.454Z,31.0599,142.4848,10,4.5,mb,,136,3.056,1,us,us6000g86m,2021-12-01T12:17:12.040Z,"Izu Islands, Japan region",earthquake,8.3,1.9,0.127,18,reviewed,us,us
2021-12-01T10:22:33.338Z,35.2198,141.4438,10,4.8,mb,,135,2.496,0.9,us,us6000g85y,2021-12-01T10:40:02.040Z,"79 km SE of Hasaki, Japan",earthquake,3.8,1.9,0.121,21,reviewed,us,us
2021-12-01T09:49:15.760Z,31.2648,142.4128,10,4.8,mb,,92,2.873,0.45,us,us6000g85x,2021-12-01T10:30:23.040Z,"Izu Islands, Japan region",earthquake,9.9,1.9,0.061,82,reviewed,us,us
2021-12-01T09:18:09.221Z,-7.4316,128.3818,124.49,4.3,mb,,82,2.942,0.55,us,us6000g85t,2021-12-01T10:13:49.040Z,"194 km NE of Lospalos, Timor Leste",earthquake,8.1,5.8,0.113,22,reviewed,us,us
2021-12-01T08:56:17.322Z,31.997,-103.8535,5,2.8,ml,,45,0.165,0.31,us,us6000g85p,2021-12-01T21:27:46.182Z,"32 km SE of Malaga, New Mexico",earthquake,1.4,1.9,0.077,22,reviewed,us,us
2021-12-01T08:46:18.499Z,-23.5083,-66.9942,224.78,4.4,mb,,105,1.222,0.63,us,us6000g85l,2021-12-01T09:20:55.040Z,"104 km NW of San Antonio de los Cobres, Argentina",earthquake,10.3,9.3,0.24,5,reviewed,us,us
2021-12-01T08:40:48.535Z,31.151,142.4393,10,4.9,mb,,93,2.965,0.96,us,us6000g85m,2021-12-01T08:58:49.040Z,"Izu Islands, Japan region",earthquake,9.8,1.9,0.043,170,reviewed,us,us
2021-12-01T08:21:17.156Z,12.7235,-88.7959,50.25,4.4,mb,,154,0.872,1.09,us,us6000g85g,2021-12-01T08:34:14.040Z,"67 km SSW of Puerto El Triunfo, El Salvador",earthquake,3.6,9.3,0.049,122,reviewed,us,us
2021-12-01T08:16:37.040Z,35.9526667,-89.9236667,11.22,2.64,md,63,41,0.03794,0.11,nm,nm60364612,2021-12-02T02:03:39.054Z,"2 km N of Blytheville, Arkansas",earthquake,0.18,0.31,0.078,52,reviewed,nm,nm
2021-12-01T07:55:42.341Z,31.6615,-104.3893,6.9,3.1,ml,,62,0.095,0.36,us,us6000g85a,2021-12-01T08:09:39.040Z,"57 km S of Whites City, New Mexico",earthquake,0.9,3.4,0.048,56,reviewed,us,us
2021-12-01T06:59:01.430Z,18.024,-66.7716,14,2.54,md,22,74,0.1182,0.19,pr,pr2021335002,2021-12-01T07:18:26.689Z,"0 km NNW of Magas Arriba, Puerto Rico",earthquake,0.29,0.41,0.21,10,reviewed,pr,pr
2021-12-01T06:30:08.488Z,-23.9685,-67.2354,230.48,4.1,mb,,92,1.332,0.72,us,us6000g84l,2021-12-01T12:06:17.040Z,"97 km WNW of San Antonio de los Cobres, Argentina",earthquake,11.7,12.4,0.301,5,reviewed,us,us
2021-12-01T06:04:53.754Z,35.2214,141.3954,10,4.9,mb,,121,2.476,0.95,us,us6000g83u,2021-12-01T11:10:52.077Z,"76 km SE of Hasaki, Japan",earthquake,5.3,1.9,0.05,128,reviewed,us,us
2021-12-01T05:08:38.311Z,35.2588,141.3482,39.67,4.5,mb,,100,2.487,0.77,us,us6000g83b,2021-12-01T09:43:43.040Z,"70 km SE of Hasaki, Japan",earthquake,6.7,7.9,0.136,16,reviewed,us,us
2021-12-01T04:49:10.178Z,-37.9149,-73.6928,15.94,4.5,mb,,153,1.231,0.52,us,us6000g837,2021-12-01T23:03:09.040Z,"28 km WSW of Cañete, Chile",earthquake,5.8,4.2,0.136,16,reviewed,us,us
2021-12-01T04:39:24.903Z,-37.9268,-73.6241,15.18,5.1,mww,,68,1.226,0.61,us,us6000g836,2021-12-01T23:35:22.039Z,"Near the coast of Bio-Bio, Chile",earthquake,5.3,2.8,0.047,43,reviewed,us,us
2021-12-01T04:09:18.467Z,35.1775,141.3611,35,4.6,mb,,134,2.424,0.62,us,us6000g835,2021-12-01T23:52:01.040Z,"78 km SE of Hasaki, Japan",earthquake,7.6,2,0.087,40,reviewed,us,us
2021-12-01T03:46:11.518Z,38.7192,70.2525,10,4.6,mb,,49,1.406,0.88,us,us6000g832,2021-12-01T23:44:30.040Z,"29 km ESE of Darband, Tajikistan",earthquake,4.9,1.9,0.083,44,reviewed,us,us
2021-12-01T03:30:13.360Z,38.7928352,-122.7304993,1.93,2.55,md,55,47,0.01075,0.06,nc,nc73658306,2021-12-01T12:40:42.763Z,"3km NE of The Geysers, CA",earthquake,0.14,0.26,0.18,37,automatic,nc,nc
2021-12-01T03:25:16.312Z,56.312,-156.6507,35.5,3.1,ml,,,,0.51,ak,ak021fe2yyce,2021-12-01T21:55:51.040Z,"108 km E of Chignik, Alaska",earthquake,,7,,,automatic,ak,ak
2021-12-01T02:21:42.667Z,-22.8301,-63.8273,545,4.2,mb,,58,5.212,0.52,us,us6000g82m,2021-12-01T02:36:34.040Z,"25 km S of General Mosconi, Argentina",earthquake,11.2,17.4,0.187,8,reviewed,us,us
2021-12-01T02:20:07.970Z,17.9615,-66.7826,18,2.79,md,18,183,0.0975,0.1,pr,pr2021335000,2021-12-01T03:39:45.102Z,"5 km SE of Indios, Puerto Rico",earthquake,0.52,0.4,0.23,8,reviewed,pr,pr
2021-12-01T01:42:58.711Z,67.6747,-161.6608,24.16,2.9,ml,,97,0.607,0.44,us,us6000g82k,2021-12-01T02:19:00.040Z,"56 km E of Noatak, Alaska",earthquake,6.2,6.4,0.06,36,reviewed,us,us
2021-12-01T01:39:48.580Z,35.6755,-117.5241667,9.49,2.78,ml,40,69,0.1022,0.11,ci,ci39875151,2021-12-01T16:47:52.217Z,"15km SW of Searles Valley, CA",earthquake,0.14,0.37,0.182,25,reviewed,ci,ci
2021-12-01T01:38:16.371Z,-29.6435,-176.8696,22.5,4.7,mb,,92,0.992,0.86,us,us6000g82i,2021-12-01T01:59:17.040Z,Kermadec Islands region,earthquake,6.1,6.7,0.123,20,reviewed,us,us
2021-12-01T01:23:41.210Z,35.6763333,-117.5245,9.12,3.19,ml,44,69,0.103,0.13,ci,ci39875135,2021-12-01T21:11:58.206Z,"15km SW of Searles Valley, CA",earthquake,0.13,0.34,0.136,269,reviewed,ci,ci
2021-11-30T23:30:07.680Z,35.1573,141.6064,10,4.6,mb,,178,2.521,0.61,us,us6000g81t,2021-11-30T23:53:29.040Z,"94 km SE of Hasaki, Japan",earthquake,8.1,1.9,0.116,22,reviewed,us,us
2021-11-30T23:17:45.065Z,22.9471,121.7076,4.8,4.6,mb,,100,0.582,0.65,us,us6000g81m,2021-12-01T01:18:33.040Z,Taiwan region,earthquake,5.5,4.9,0.077,50,reviewed,us,us
2021-11-30T22:38:23.920Z,17.937,-66.8553,10,2.88,md,19,194,0.045,0.21,pr,pr2021334009,2021-11-30T22:51:15.947Z,"5 km SE of Maria Antonia, Puerto Rico",earthquake,0.57,0.53,0.24,9,reviewed,pr,pr
2021-11-30T22:20:53.903Z,27.164,53.2649,10,4.3,mb,,115,3.445,0.56,us,us6000g817,2021-12-01T00:00:58.040Z,"57 km SE of Mohr, Iran",earthquake,9.2,1.9,0.102,27,reviewed,us,us
2021-11-30T21:39:35.164Z,28.3881,104.969,10,4.7,mb,,72,4.376,0.57,us,us6000g80u,2021-11-30T22:17:53.040Z,"25 km ESE of Xunchang, China",earthquake,3.6,1.9,0.08,47,reviewed,us,us
2021-11-30T21:20:52.803Z,31.67953464,-104.4051758,7.494091797,3.3,ml,19,69,0.082225578,0.2,tx,tx2021xmau,2021-11-30T21:53:42.756Z,"55 km S of Whites City, New Mexico",earthquake,1.172534204,1.718476605,0.2,12,reviewed,tx,tx
2021-11-30T21:14:40.880Z,17.9833,-67.0006,8,2.9,md,21,150,0.0458,0.24,pr,pr2021334008,2021-11-30T21:29:02.731Z,"4 km E of La Parguera, Puerto Rico",earthquake,0.46,0.78,0.28,18,reviewed,pr,pr
2021-11-30T21:06:36.966Z,31.6566,-104.38,5,2.6,ml,,62,0.103,0.45,us,us6000g80b,2021-11-30T23:27:05.040Z,"57 km S of Whites City, New Mexico",earthquake,1.1,1.9,0.069,58,reviewed,us,us
2021-11-30T20:49:11.306Z,31.1432,142.5861,10,4.9,mb,,93,3.065,0.89,us,us6000g807,2021-11-30T21:10:02.040Z,"Izu Islands, Japan region",earthquake,9.6,1.9,0.046,156,reviewed,us,us
2021-11-30T20:38:47.017Z,31.1819,142.3725,10,4.6,mb,,96,6.087,0.49,us,us6000g80f,2021-11-30T21:19:04.040Z,"Izu Islands, Japan region",earthquake,11.4,1.9,0.08,49,reviewed,us,us
2021-11-30T20:31:29.650Z,17.9696,-66.7893,18,2.74,md,14,163,0.0901,0.17,pr,pr2021334007,2021-11-30T20:58:34.350Z,Puerto Rico region,earthquake,0.49,0.54,0.3,8,reviewed,pr,pr
2021-11-30T20:09:36.020Z,43.2559,-126.9213,10,3,ml,,235,1.665,0.65,us,us6000g7zq,2021-11-30T22:46:34.040Z,"204 km W of Langlois, Oregon",earthquake,9.2,2,0.038,89,reviewed,us,us
2021-11-30T19:37:34.756Z,44.9932,-113.0791,9.37,3.3,ml,,22,0.232,0.68,us,us6000g7ze,2021-11-30T22:09:31.360Z,"41 km NNE of Leadore, Idaho",earthquake,2,8.4,0.033,124,reviewed,us,us
2021-11-30T19:04:25.810Z,17.9516,-66.9306,5,2.55,md,7,211,0.0565,0.11,pr,pr2021334006,2021-11-30T19:43:43.564Z,"3 km SW of Guánica, Puerto Rico",earthquake,0.51,0.38,0.28,5,reviewed,pr,pr
2021-11-30T18:36:03.380Z,18.93216667,-155.3385,44.27,2.89,md,48,242,,0.13,hv,hv72817797,2021-11-30T22:52:17.550Z,"Hawaii region, Hawaii",earthquake,0.58,0.82,0.08432851,19,reviewed,hv,hv
2021-11-30T18:27:38.502Z,31.1598,142.2631,10,5,mb,,29,2.849,0.83,us,us6000g7z5,2021-11-30T18:50:01.040Z,"Izu Islands, Japan region",earthquake,7.6,1.7,0.041,203,reviewed,us,us
2021-11-30T18:02:56.173Z,36.472,70.7294,197.08,4.2,mb,,73,0.663,1.2,us,us6000g7yx,2021-11-30T18:57:49.040Z,"44 km SSW of Jurm, Afghanistan",earthquake,4.9,5.1,0.1,31,reviewed,us,us
2021-11-30T17:52:19.760Z,17.9951,-66.7335,11,3.29,md,25,144,0.1359,0.21,pr,pr2021334005,2021-12-01T03:44:51.752Z,"1 km W of Tallaboa, Puerto Rico",earthquake,0.38,0.29,0.18,18,reviewed,pr,pr
2021-11-30T17:35:38.014Z,13.7164,120.8572,137.92,4.6,mb,,55,9.054,0.89,us,us6000g7xq,2021-11-30T23:18:23.004Z,"3 km WNW of Bagalangit, Philippines",earthquake,10.2,6.7,0.059,93,reviewed,us,us
2021-11-30T17:30:59.844Z,62.4626,-148.877,35,3.3,ml,,,,0.61,ak,ak021fcnsuak,2021-11-30T20:13:54.040Z,"60 km ENE of Susitna North, Alaska",earthquake,,5.9,,,automatic,ak,ak
2021-11-30T17:08:03.465Z,61.5148,-140.7256,3.29,2.5,ml,,61,0.642,0.5,us,us6000g7xb,2021-11-30T19:28:07.040Z,"117 km E of McCarthy, Alaska",earthquake,2.1,8.1,0.036,102,reviewed,us,us
2021-11-30T16:50:02.950Z,18.88583333,-155.2203333,6.17,2.77,ml,48,257,,0.16,hv,hv72817682,2021-11-30T22:03:07.040Z,"42 km ESE of Naalehu, Hawaii",earthquake,0.4,0.44,0.201078336,16,reviewed,hv,hv
2021-11-30T16:07:02.280Z,37.1636658,-121.5575027,1.36,2.74,md,50,37,0.05508,0.1,nc,nc73660155,2021-12-01T16:01:51.260Z,"9km ENE of Morgan Hill, CA",earthquake,0.19,0.69,0.12,70,automatic,nc,nc
2021-11-30T16:02:53.956Z,36.2001,140.2328,71.56,4.9,mb,,190,1.668,0.49,us,us6000g7x3,2021-11-30T17:08:17.040Z,"3 km WNW of Ishioka, Japan",earthquake,10.7,9.8,0.14,19,reviewed,us,us
2021-11-30T16:00:45.340Z,17.9618,-67.011,10,3.02,md,26,185,0.0341,0.18,pr,pr2021334004,2021-11-30T16:55:33.040Z,"4 km ESE of La Parguera, Puerto Rico",earthquake,0.51,0.38,0.15,15,reviewed,pr,pr
2021-11-30T15:55:36.507Z,35.1816,141.5267,10,4.6,mb,,138,2.503,0.57,us,us6000g7x1,2021-11-30T16:41:22.040Z,"87 km SE of Hasaki, Japan",earthquake,7.8,1.9,0.126,23,reviewed,us,us
2021-11-30T15:41:11.295Z,31.1773,142.2848,10,4.7,mb,,92,2.85,0.36,us,us6000g7ww,2021-11-30T16:26:57.040Z,"Izu Islands, Japan region",earthquake,9.6,1.9,0.063,80,reviewed,us,us
2021-11-30T15:03:31.570Z,18.834,-155.1976667,9.73,3.49,ml,50,266,,0.17,hv,hv72817622,2021-12-01T15:04:59.166Z,"47 km ESE of Naalehu, Hawaii",earthquake,0.64,0.69,0.156109129,37,reviewed,hv,hv
2021-11-30T14:20:22.130Z,38.3737,22.2132,10,4.6,mb,,80,0.653,0.67,us,us6000g7wf,2021-11-30T19:47:47.040Z,"14 km W of Galaxídhion, Greece",earthquake,4.8,1.9,0.114,26,reviewed,us,us
2021-11-30T13:53:41.677Z,31.7789,87.9411,10,5.4,mb,,35,3.931,0.83,us,us6000g7wd,2021-12-01T13:56:52.324Z,"294 km NNW of Rikaze, China",earthquake,8.2,1.8,0.043,192,reviewed,us,us
2021-11-30T13:46:52.279Z,-3.539,151.1354,10,4.9,mb,,38,1.213,0.31,us,us6000g7wc,2021-11-30T14:36:55.040Z,"113 km SSE of Kavieng, Papua New Guinea",earthquake,5.4,1.9,0.119,25,reviewed,us,us
2021-11-30T12:41:09.472Z,58.8359,-152.8756,48.8,3.3,ml,,,,0.52,ak,ak021fckvx9v,2021-11-30T15:17:10.040Z,"79 km SW of Nanwalek, Alaska",earthquake,,0.8,,,automatic,ak,ak
2021-11-30T12:16:32.908Z,-11.2962,118.1941,10,4.2,mb,,91,4.78,0.52,us,us6000g7w3,2021-11-30T12:57:26.040Z,"290 km SW of Waingapu, Indonesia",earthquake,9,2,0.236,5,reviewed,us,us
2021-11-30T12:14:34.418Z,-3.5445,151.3439,10,5.8,mww,,60,1.04,0.89,us,us6000g7w4,2021-12-01T12:17:55.107Z,"116 km NW of Rabaul, Papua New Guinea",earthquake,7.1,1.8,0.075,17,reviewed,us,us
2021-11-30T11:37:13.280Z,17.9795,-67.004,10,2.7,md,20,155,0.0415,0.15,pr,pr2021334003,2021-11-30T11:52:24.629Z,"4 km E of La Parguera, Puerto Rico",earthquake,0.45,0.59,0.16,10,reviewed,pr,pr
2021-11-30T11:14:41.125Z,-24.7136,-69.6022,133.22,4.3,mb,,67,0.734,0.77,us,us6000g7vh,2021-11-30T12:19:13.040Z,"117 km NE of Taltal, Chile",earthquake,6.8,8.5,0.201,7,reviewed,us,us
2021-11-30T11:14:07.887Z,-3.6027,151.0822,10,5,mb,,70,1.227,0.63,us,us6000g7vl,2021-11-30T16:29:56.414Z,"118 km SSE of Kavieng, Papua New Guinea",earthquake,7.9,1.9,0.083,49,reviewed,us,us
2021-11-30T11:10:41.928Z,32.2147,142.1167,10,4.9,mb,,206,2.139,0.44,us,us6000g7vj,2021-11-30T11:57:33.040Z,"Izu Islands, Japan region",earthquake,10,1.9,0.176,10,reviewed,us,us
2021-11-30T11:09:38.749Z,-3.8582,151.5681,10,5,mb,,87,0.68,0.85,us,us6000g7vi,2021-11-30T11:47:39.040Z,"76 km WNW of Rabaul, Papua New Guinea",earthquake,7.1,1.9,0.083,46,reviewed,us,us
2021-11-30T10:52:17.579Z,-3.5956,150.8695,10,5,mb,,88,1.42,0.5,us,us6000g7vp,2021-11-30T12:04:12.040Z,"113 km S of Kavieng, Papua New Guinea",earthquake,3.9,1.9,0.093,37,reviewed,us,us
2021-11-30T10:36:18.247Z,-3.5165,151.1803,10,6.3,mww,,34,1.188,0.56,us,us6000g7v8,2021-12-01T10:41:33.449Z,"112 km SSE of Kavieng, Papua New Guinea",earthquake,6.3,1.8,0.05,38,reviewed,us,us
2021-11-30T10:32:24.224Z,37.6103,25.865,10,4.2,mb,,75,1.672,0.79,us,us6000g7uy,2021-11-30T13:13:01.040Z,"37 km W of Agios Kirykos, Greece",earthquake,5.8,1.9,0.11,23,reviewed,us,us
2021-11-30T10:11:11.900Z,36.0453333,-117.8713333,3.49,2.78,ml,36,34,0.04057,0.12,ci,ci39874375,2021-11-30T21:18:52.790Z,"7km E of Coso Junction, CA",earthquake,0.14,0.33,0.205,25,reviewed,ci,ci
2021-11-30T09:13:00.330Z,36.46333333,-98.78216667,6,2.53,ml,98,37,0,0.21,ok,ok2021xlct,2021-11-30T14:13:18.107Z,"15 km SSE of Waynoka, Oklahoma",earthquake,,0.3,0.22,40,reviewed,ok,ok
2021-11-30T07:32:21.412Z,41.8709,-125.8376,10,2.7,ml,,252,1.465,0.85,us,us6000g7u4,2021-12-01T07:11:32.040Z,"127 km WSW of Pistol River, Oregon",earthquake,6.2,2,0.045,66,reviewed,us,us
2021-11-30T07:28:35.240Z,17.9773,-67.0098,10,2.57,md,12,156,0.0353,0.09,pr,pr2021334002,2021-11-30T07:44:22.646Z,"3 km E of La Parguera, Puerto Rico",earthquake,0.44,0.57,0.05,6,reviewed,pr,pr
2021-11-30T07:10:44.696Z,31.2164,142.4068,10,4.6,mb,,96,2.901,0.73,us,us6000g7u2,2021-12-01T06:40:02.040Z,"Izu Islands, Japan region",earthquake,10.1,1.8,0.078,49,reviewed,us,us
2021-11-30T06:53:32.685Z,31.2289,142.4773,7.86,5.5,mww,,54,2.939,0.66,us,us6000g7tw,2021-12-01T06:59:04.366Z,"Izu Islands, Japan region",earthquake,8.4,4.1,0.078,16,reviewed,us,us
2021-11-30T06:34:23.984Z,31.2043,142.4743,17.09,4.5,mb,,136,2.953,0.62,us,us6000g7tx,2021-11-30T07:41:16.040Z,"Izu Islands, Japan region",earthquake,11.9,5.5,0.089,37,reviewed,us,us
2021-11-30T04:38:49.068Z,-21.6071,169.0216,10,5,mb,,93,2.439,0.46,us,us6000g7th,2021-12-01T01:12:16.040Z,"118 km E of Tadine, New Caledonia",earthquake,9.5,1.9,0.061,86,reviewed,us,us
2021-11-30T04:31:21.025Z,41.8528,-126.1273,10.59,2.9,ml,,258,1.681,0.4,us,us6000g7te,2021-12-01T01:05:49.040Z,"150 km WSW of Pistol River, Oregon",earthquake,4.1,10,0.038,92,reviewed,us,us
2021-11-30T04:02:44.664Z,65.5297,-153.6348,26,2.7,ml,,,,1.05,ak,ak021fcfw6mq,2021-12-01T00:58:08.040Z,"64 km SSE of Hughes, Alaska",earthquake,,0.8,,,automatic,ak,ak
2021-11-30T04:00:40.443Z,37.7488,26.0722,10,5.1,mww,,43,1.473,0.52,us,us6000g7ta,2021-12-01T05:54:28.040Z,"24 km NW of Agios Kirykos, Greece",earthquake,5.3,1.8,0.086,13,reviewed,us,us
2021-11-30T03:30:27.380Z,37.9098333,-122.2888333,4.88,2.5,md,102,21,0.01465,0.09,nc,nc73659805,2021-12-02T00:23:42.755Z,"1km W of Kensington, CA",earthquake,0.11,0.15,0.123,81,reviewed,nc,nc
2021-11-30T03:23:49.440Z,17.9721,-67.0031,9,3.16,md,26,167,0.0412,0.11,pr,pr2021334001,2021-11-30T23:52:03.040Z,"4 km E of La Parguera, Puerto Rico",earthquake,0.36,0.5,0.1,13,reviewed,pr,pr
2021-11-30T02:29:42.351Z,-58.8001,-25.2939,35,4.6,mb,,114,9.989,0.78,us,us6000g7su,2021-11-30T23:45:31.040Z,South Sandwich Islands region,earthquake,12,2,0.098,31,reviewed,us,us
2021-11-30T02:21:37.140Z,37.5735,-118.6291667,12.76,2.74,md,28,62,0.0983,0.08,nc,nc73659755,2021-12-01T04:22:11.247Z,"5km ENE of Toms Place, CA",earthquake,0.38,0.72,0.162,48,reviewed,nc,nc
2021-11-30T02:20:48.160Z,19.16533333,-155.4791667,33.39,2.57,md,51,100,,0.11,hv,hv72817077,2021-11-30T06:50:23.360Z,"4 km S of P?hala, Hawaii",earthquake,0.44,0.59,0.218091054,20,reviewed,hv,hv
2021-11-30T01:13:19.310Z,-22.4708,-69.4819,89.35,4.3,mb,,89,0.248,0.65,us,us6000g7sc,2021-11-30T22:40:31.040Z,"57 km W of Calama, Chile",earthquake,3.1,5.4,0.148,13,reviewed,us,us
2021-11-30T00:56:07.558Z,6.7224,126.1127,58.03,5.1,mww,,36,0.632,0.85,us,us6000g7s9,2021-12-01T05:43:26.040Z,"1 km ENE of Talisay, Philippines",earthquake,7.1,4.8,0.098,10,reviewed,us,us
2021-11-30T00:30:46.587Z,31.0927,142.4173,10,4.6,mb,,136,2.991,0.56,us,us6000g7sa,2021-11-30T01:30:05.040Z,"Izu Islands, Japan region",earthquake,11.5,1.9,0.067,67,reviewed,us,us
2021-11-30T00:17:54.230Z,17.9085,-66.8048,6,2.51,md,8,224,0.0998,0.17,pr,pr2021334000,2021-11-30T00:30:26.944Z,"9 km S of Indios, Puerto Rico",earthquake,0.76,0.46,0.14,6,reviewed,pr,pr
2021-11-29T23:56:27.590Z,17.8713,-66.8716,16,2.84,md,16,214,0.1041,0.12,pr,pr2021333008,2021-11-30T00:22:28.480Z,"11 km SSE of Guánica, Puerto Rico",earthquake,0.5,0.7,0.35,11,reviewed,pr,pr
2021-11-29T23:34:44.255Z,31.218,142.4832,10,4.4,mb,,136,6.125,0.8,us,us6000g7s1,2021-11-30T00:14:59.040Z,"Izu Islands, Japan region",earthquake,6.6,1.9,0.117,21,reviewed,us,us
2021-11-29T23:29:26.110Z,17.9788,-67.005,10,2.57,md,15,165,0.0403,0.17,pr,pr2021333007,2021-11-29T23:44:52.704Z,"4 km E of La Parguera, Puerto Rico",earthquake,0.42,0.67,0.27,12,reviewed,pr,pr
2021-11-29T23:03:16.153Z,-6.8102,104.1784,40.97,4.7,mb,,73,2.72,0.78,us,us6000g7rp,2021-11-29T23:31:10.040Z,"188 km WSW of Labuan, Indonesia",earthquake,4.7,7.8,0.09,38,reviewed,us,us
2021-11-29T22:29:49.216Z,31.1512,142.4568,10,4.6,mb,,136,2.976,0.63,us,us6000g7ri,2021-11-29T23:01:38.040Z,"Izu Islands, Japan region",earthquake,4.7,1.9,0.075,53,reviewed,us,us
2021-11-29T21:22:06.745Z,20.5276,94.0807,57.69,4.4,mb,,160,2.071,0.68,us,us6000g7qn,2021-11-29T21:41:32.040Z,"82 km W of Yenangyaung, Myanmar",earthquake,3.7,11,0.311,3,reviewed,us,us
2021-11-29T20:45:07.700Z,38.3733333,-112.774,4.46,2.85,ml,29,57,0.0778,0.12,uu,uu60470287,2021-11-30T00:12:18.371Z,"15 km NW of Beaver, Utah",earthquake,0.26,0.83,0.232,14,reviewed,uu,uu
2021-11-29T20:33:31.764Z,4.2361,-76.3497,118.83,4.9,mb,,85,2.106,1,us,us6000g7q7,2021-11-29T23:40:17.581Z,"4 km NW of Trujillo, Colombia",earthquake,7.3,6.7,0.079,50,reviewed,us,us
2021-11-29T20:10:14.828Z,-18.364,168.7418,79.45,4.6,mb,,101,3.253,0.77,us,us6000g7q3,2021-11-29T20:40:49.040Z,"82 km SSE of Port-Vila, Vanuatu",earthquake,5.8,7.9,0.084,42,reviewed,us,us
2021-11-29T20:00:14.409Z,30.0542,-113.7832,10,4.6,mb,,154,1.345,0.97,us,us6000g7q0,2021-11-29T20:29:02.040Z,"106 km W of La Libertad, Mexico",earthquake,6.1,1.9,0.107,26,reviewed,us,us
2021-11-29T19:23:56.925Z,30.1686,-113.7033,10,4.7,mb,,155,1.315,1.31,us,us6000g7pp,2021-11-29T19:59:12.040Z,"101 km WNW of La Libertad, Mexico",earthquake,6.3,2,0.083,44,reviewed,us,us
2021-11-29T18:32:20.330Z,63.0741,-148.5495,68.3,2.9,ml,,,,1.6,ak,ak021fb0v9tv,2021-11-29T22:23:17.038Z,"40 km SSE of Cantwell, Alaska",earthquake,,0.2,,,reviewed,ak,ak
2021-11-29T18:23:46.376Z,-33.124,-179.3205,44.05,5.4,mww,,64,4.032,1.11,us,us6000g7p3,2021-11-30T18:26:01.120Z,south of the Kermadec Islands,earthquake,4.7,4.5,0.065,23,reviewed,us,us
2021-11-29T17:28:25.105Z,58.5105,-150.7039,20.4,2.5,ml,,,,0.37,ak,ak021fb08zta,2021-11-29T17:49:17.062Z,"113 km SE of Port Graham, Alaska",earthquake,,1.2,,,automatic,ak,ak
2021-11-29T17:10:46.140Z,17.8611,-66.875,6,3.06,md,18,218,0.1141,0.17,pr,pr2021333006,2021-11-29T19:17:51.040Z,"12 km SSE of Guánica, Puerto Rico",earthquake,0.62,0.35,0.17,10,reviewed,pr,pr
2021-11-29T16:37:26.731Z,-12.4961,166.674,142.03,4.6,mb,,89,2.978,0.59,us,us7000fy04,2021-11-29T17:12:31.040Z,"179 km NNW of Sola, Vanuatu",earthquake,10.3,7.1,0.073,59,reviewed,us,us
2021-11-29T16:34:00.160Z,31.66271235,-104.3006007,7.494091797,2.5,ml,31,66,0.111579197,0.3,tx,tx2021xjvu,2021-11-30T20:05:40.620Z,"57 km S of Whites City, New Mexico",earthquake,0.904256881,1.492307766,0.1,18,reviewed,tx,tx
2021-11-29T15:24:25.899Z,-2.5899,99.5195,10,4.6,mb,,83,3.271,0.58,us,us7000fxzv,2021-11-29T16:20:20.040Z,"203 km SSW of Padang, Indonesia",earthquake,8.1,1.9,0.103,30,reviewed,us,us
2021-11-29T15:19:29.480Z,31.484,-115.6683333,11.43,3.7,ml,9,106,0.1353,0.23,ci,ci39873495,2021-11-29T16:21:40.639Z,"89km ESE of Maneadero, B.C., MX",earthquake,1.58,3.64,0.105,57,reviewed,ci,ci
2021-11-29T14:12:25.190Z,19.206,-155.4021667,32.76,2.64,ml,55,157,,0.12,hv,hv72816502,2021-11-30T06:38:45.870Z,"8 km E of P?hala, Hawaii",earthquake,0.42,0.52,0.144563914,24,reviewed,hv,hv
2021-11-29T13:50:54.526Z,31.1624,142.3641,10,4.7,mb,,96,2.91,0.69,us,us7000fxzi,2021-11-29T15:05:56.040Z,"Izu Islands, Japan region",earthquake,9.5,1.9,0.051,119,reviewed,us,us
2021-11-29T13:20:23.034Z,39.6388,-98.5016,5,2.5,mb_lg,,48,1.225,0.94,us,us7000fxz1,2021-11-29T14:34:02.040Z,"15 km NNW of Cawker City, Kansas",earthquake,2.3,2,0.193,7,reviewed,us,us
2021-11-29T12:40:49.000Z,31.1,142.8,10,6.6,Mi,120,35.99999712,0,1.09,at,at00r3bsb4,2021-11-29T13:14:10.929Z,"Izu Islands, Japan region",earthquake,0,0,,73,reviewed,at,at
2021-11-29T12:40:43.618Z,31.1809,142.4851,6.14,6.3,mww,,35,2.975,0.7,us,us7000fxyq,2021-12-01T22:03:27.522Z,"Izu Islands, Japan region",earthquake,8.1,4.1,0.056,31,reviewed,us,us
2021-11-29T12:13:14.180Z,18.0275,-66.759,15,3.22,md,25,94,0.1311,0.16,pr,pr2021333005,2021-11-29T13:28:07.040Z,"1 km NE of Magas Arriba, Puerto Rico",earthquake,0.36,0.48,0.19,17,reviewed,pr,pr
2021-11-29T11:35:35.303Z,-20.3513,-70.3071,46.48,2.6,ml,,182,0.243,0.25,us,us6000g83v,2021-12-01T22:36:24.671Z,"22 km SW of Iquique, Chile",earthquake,4.8,7,0.074,24,reviewed,us,us
2021-11-29T11:22:33.482Z,33.515,137.2248,381.62,4,mb,,66,1.406,0.52,us,us7000fxyf,2021-11-29T12:49:17.951Z,"112 km ESE of Owase, Japan",earthquake,10.2,8.1,0.1,27,reviewed,us,us
2021-11-29T08:59:43.169Z,-58.589,-23.5685,10,5.1,mb,,71,8.353,0.41,us,us7000fxxu,2021-11-29T09:20:12.040Z,South Sandwich Islands region,earthquake,9.5,1.6,0.078,54,reviewed,us,us
2021-11-29T08:48:54.310Z,18.0021,-66.8288,16,2.61,md,20,130,0.0572,0.19,pr,pr2021333003,2021-11-29T09:06:31.332Z,"1 km NW of Indios, Puerto Rico",earthquake,0.41,0.32,0.26,7,reviewed,pr,pr
2021-11-29T08:44:56.737Z,29.8581,-113.8418,10,4.2,mb,,160,1.463,0.6,us,us7000fxxr,2021-11-29T09:10:20.040Z,"111 km W of La Libertad, Mexico",earthquake,5.5,2,0.086,38,reviewed,us,us
2021-11-29T07:55:40.550Z,19.2955,-64.8053,21,3.6,md,19,300,1.0972,0.34,pr,pr2021333004,2021-11-29T14:33:12.040Z,"106 km N of Charlotte Amalie, U.S. Virgin Islands",earthquake,1.84,27.75,0.07,9,reviewed,pr,pr
2021-11-29T07:53:37.806Z,3.6291,-74.0203,10,4.4,mb,,67,1.244,0.82,us,us7000fxxc,2021-11-29T08:28:04.040Z,"11 km N of Lejanías, Colombia",earthquake,5.5,1.8,0.083,45,reviewed,us,us
2021-11-29T06:47:25.410Z,18.97033333,-155.4221667,33.69,3.51,ml,54,229,,0.12,hv,hv72816147,2021-11-30T06:48:47.309Z,"19 km ESE of Naalehu, Hawaii",earthquake,0.44,0.72,0.162099787,40,reviewed,hv,hv
2021-11-29T06:37:04.382Z,30.6222,-113.7254,10,4.3,mb,,135,0.965,0.91,us,us7000fxwa,2021-11-29T09:49:58.040Z,"79 km SSW of Puerto Peñasco, Mexico",earthquake,5.9,2,0.147,13,reviewed,us,us
2021-11-29T06:32:26.127Z,-24.1169,179.8367,540.86,4.5,mb,,88,5.502,0.63,us,us7000fxw8,2021-11-29T07:02:46.040Z,south of the Fiji Islands,earthquake,12,6.9,0.053,104,reviewed,us,us
2021-11-29T06:24:25.009Z,29.8708,-113.7144,10,4.3,mb,,156,1.521,0.5,us,us7000fxvz,2021-11-29T07:27:46.040Z,"98 km W of La Libertad, Mexico",earthquake,7,2,0.104,26,reviewed,us,us
2021-11-29T04:36:48.700Z,40.293499,-124.529335,17.34,2.69,md,18,247,0.1895,0.13,nc,nc73659375,2021-11-29T06:16:09.483Z,"21km W of Petrolia, CA",earthquake,1.64,0.57,0.03,9,automatic,nc,nc
2021-11-29T03:32:14.239Z,13.8625,-92.6551,10,4.2,mb,,209,2.456,0.84,us,us7000fxv7,2021-11-29T04:12:21.040Z,"87 km SW of Ocós, Guatemala",earthquake,12.9,2,0.08,43,reviewed,us,us
2021-11-29T03:24:35.924Z,36.5105,70.1228,225.6,4.1,mb,,70,0.713,0.69,us,us7000fxv6,2021-11-29T04:03:39.040Z,"24 km ESE of Farkh?r, Afghanistan",earthquake,7.5,6.1,0.197,7,reviewed,us,us
2021-11-29T03:17:25.706Z,-6.8302,127.2188,388.33,4.3,mb,,32,4.12,0.66,us,us7000fxv5,2021-11-29T03:34:30.040Z,"188 km N of Lospalos, Timor Leste",earthquake,7.1,6.8,0.09,35,reviewed,us,us
2021-11-29T03:01:33.420Z,31.6173333,-116.0176667,7.6,2.61,ml,14,184,0.3009,0.14,ci,ci39873175,2021-11-29T18:52:10.988Z,"53km ESE of Maneadero, B.C., MX",earthquake,0.39,0.88,0.2,12,reviewed,ci,ci
2021-11-29T01:15:49.130Z,17.9733,-67.01,11,2.5,md,8,175,0.0344,0.07,pr,pr2021333000,2021-11-29T01:54:06.102Z,"3 km E of La Parguera, Puerto Rico",earthquake,0.52,0.37,0.12,6,reviewed,pr,pr
2021-11-28T23:03:03.465Z,31.16227615,-103.3185094,4.563378906,3.3,ml,22,58,0.048833987,0.3,tx,tx2021xind,2021-11-30T05:52:57.401Z,"25 km WSW of Coyanosa, Texas",earthquake,2.002784381,2.300923543,0.1,10,reviewed,tx,tx
2021-11-28T22:53:38.198Z,62.0803,-151.2634,75.3,2.7,ml,,,,0.45,ak,ak021f9fu75r,2021-11-30T01:21:58.040Z,"12 km NE of Skwentna, Alaska",earthquake,,0.8,,,automatic,ak,ak
2021-11-28T22:40:37.525Z,56.0738,-149.6152,23.28,3.1,ml,,198,2.362,0.78,us,us7000fxu2,2021-11-30T01:03:11.040Z,"236 km SE of Chiniak, Alaska",earthquake,7.9,9.2,0.06,36,reviewed,us,us
2021-11-28T22:34:41.110Z,0.2419,99.6101,127.34,4.3,mb,,140,1.431,0.6,us,us7000fxu1,2021-11-30T00:47:40.040Z,"104 km NW of Bukittinggi, Indonesia",earthquake,6.3,8.1,0.133,16,reviewed,us,us
2021-11-28T22:13:56.714Z,31.8721,130.7325,10,4.6,mb,,121,0.433,0.61,us,us7000fxu0,2021-11-30T00:23:58.966Z,"15 km NNW of Kokubu-matsuki, Japan",earthquake,3.8,1.8,0.172,10,reviewed,us,us
2021-11-28T21:52:45.767Z,34.4342,99.0553,10,4.1,mb,,65,9.752,0.96,us,us7000fxtx,2021-11-29T22:48:25.040Z,"Southern Qinghai, China",earthquake,7.8,1.9,0.139,14,reviewed,us,us
2021-11-28T20:33:22.878Z,43.147,146.5104,67.17,4.6,mb,,79,2.722,0.74,us,us7000fxti,2021-11-28T21:11:08.040Z,"74 km SSW of Shikotan, Russia",earthquake,9.5,8.2,0.09,37,reviewed,us,us
2021-11-28T20:29:57.347Z,-10.4488,161.0192,10,4.7,mb,,77,1.456,1.1,us,us7000fxtf,2021-11-28T21:01:03.040Z,"98 km W of Kirakira, Solomon Islands",earthquake,7.6,1.9,0.095,34,reviewed,us,us
2021-11-28T20:19:58.450Z,17.9473,-66.9445,9,2.89,md,22,186,0.071,0.14,pr,pr2021332019,2021-11-28T20:42:38.734Z,"4 km SW of Guánica, Puerto Rico",earthquake,0.42,0.54,0.29,14,reviewed,pr,pr
2021-11-28T20:04:30.566Z,59.7425,-151.8932,55.6,2.5,ml,,,,0.61,ak,ak021f9ectas,2021-11-28T21:16:20.040Z,"5 km SW of Anchor Point, Alaska",earthquake,,0.6,,,automatic,ak,ak
2021-11-28T19:42:35.803Z,44.123,-115.0586,10,2.6,ml,,82,0.729,1.16,us,us7000fxt4,2021-11-29T16:32:26.820Z,"14 km SW of Stanley, Idaho",earthquake,2,2,0.091,16,reviewed,us,us
2021-11-28T19:24:52.585Z,58.347,-152.2625,52.7,2.5,ml,,,,0.46,ak,ak021f9dvpo2,2021-11-28T21:23:26.040Z,"49 km NNE of Ouzinkie, Alaska",earthquake,,1.8,,,automatic,ak,ak
2021-11-28T18:55:09.950Z,18.0323,-67.7085,5,3.12,md,21,183,0.4202,0.31,pr,pr2021332018,2021-11-28T19:20:57.743Z,"55 km W of Puerto Real, Puerto Rico",earthquake,0.7,0.81,0.2,12,reviewed,pr,pr
2021-11-28T18:32:49.943Z,31.66960437,-104.3770941,7.699755859,3.1,ml,15,59,0.105442115,0.3,tx,tx2021xief,2021-11-28T18:46:49.232Z,"56 km S of Whites City, New Mexico",earthquake,1.238229294,1.56692424,0.1,6,reviewed,tx,tx
2021-11-28T17:27:30.721Z,-2.6294,140.4053,33.72,4.5,mb,,59,6.979,0.7,us,us7000fxt1,2021-11-29T02:01:12.881Z,"near the north coast of Papua, Indonesia",earthquake,10.4,5.8,0.103,28,reviewed,us,us
2021-11-28T17:21:21.354Z,24.213,94.5836,80.53,4.5,mb,,74,4.109,0.8,us,us7000fxsg,2021-11-29T02:27:42.479Z,"65 km NNE of Mawlaik, Myanmar",earthquake,9.5,6.9,0.106,26,reviewed,us,us
2021-11-28T17:02:21.027Z,26.9941,96.5108,10,4.3,mb,,96,6.216,0.99,us,us7000fxsb,2021-11-28T19:53:11.040Z,"89 km ESE of Margherita, India",earthquake,9.6,1.9,0.114,22,reviewed,us,us
2021-11-28T16:39:26.640Z,18.1533,-68.033,80,3.28,md,19,174,0.5014,0.42,pr,pr2021332016,2021-11-28T17:19:52.768Z,"61 km SE of Punta Cana, Dominican Republic",earthquake,2.41,1.73,0.26,10,reviewed,pr,pr
2021-11-28T16:20:06.890Z,17.965,-66.9985,10,2.97,md,23,177,0.0459,0.14,pr,pr2021332015,2021-11-28T20:36:17.843Z,"5 km ESE of La Parguera, Puerto Rico",earthquake,0.5,0.43,0.1,11,reviewed,pr,pr
2021-11-28T16:17:41.648Z,31.64559969,-104.5851541,6.208691406,3.6,ml,19,80,0.075548688,0.3,tx,tx2021xhzt,2021-11-29T16:21:32.711Z,"61 km SSW of Whites City, New Mexico",earthquake,1.866777416,2.170779652,0.1,7,reviewed,tx,tx
2021-11-28T16:11:20.758Z,34.4036,45.761,10,4.2,mb,,109,0.712,0.53,us,us7000fxrx,2021-11-28T16:41:38.040Z,"11 km SW of Sarpol-e Z?ah?b, Iran",earthquake,5.4,1.9,0.153,15,reviewed,us,us
2021-11-28T15:46:33.910Z,19.1825,-155.4775,32.45,3.56,ml,57,79,,0.11,hv,hv72815092,2021-11-29T21:15:23.602Z,"2 km S of P?hala, Hawaii",earthquake,0.39,0.53,0.178054952,40,reviewed,hv,hv
2021-11-28T15:02:43.710Z,18.1803,-67.4351,15,2.77,md,13,233,0.2088,0.22,pr,pr2021332014,2021-11-28T15:36:22.464Z,"25 km SW of Stella, Puerto Rico",earthquake,0.77,0.79,0.43,11,reviewed,pr,pr
2021-11-28T14:54:40.916Z,35.0889,141.502,12.05,4.5,mb,,126,2.416,0.66,us,us7000fxrk,2021-11-29T13:29:22.415Z,"93 km SE of Hasaki, Japan",earthquake,6.9,5,0.091,37,reviewed,us,us
2021-11-28T13:51:16.168Z,-6.7652,125.4367,539.11,4.9,mb,,38,3.188,0.69,us,us7000fxr9,2021-11-28T15:06:45.040Z,"198 km N of Metinaro, Timor Leste",earthquake,10.3,8.5,0.053,113,reviewed,us,us
2021-11-28T13:34:32.986Z,31.66774561,-104.3803075,7.391259766,2.9,ml,14,60,0.102702302,0.3,tx,tx2021xhuk,2021-11-28T14:31:44.040Z,"56 km S of Whites City, New Mexico",earthquake,1.287666261,1.77658683,0.1,6,reviewed,tx,tx
2021-11-28T11:15:46.840Z,37.4415,-112.9816667,6.12,3.07,ml,21,115,0.1427,0.13,uu,uu60470092,2021-11-29T03:53:04.658Z,Utah,earthquake,0.34,0.72,0.25,11,reviewed,uu,uu
2021-11-28T10:59:28.030Z,19.163,-155.4771667,32.12,2.71,ml,54,105,,0.11,hv,hv72814852,2021-11-30T07:17:53.750Z,"4 km S of P?hala, Hawaii",earthquake,0.42,0.54,0.146411794,28,reviewed,hv,hv
2021-11-28T10:52:13.239Z,-4.4898,-76.8461,112.48,7.5,mww,,42,4.962,0.61,us,us7000fxq2,2021-11-30T01:40:53.016Z,"42 km NNW of Barranca, Peru",earthquake,7.4,5.2,0.033,87,reviewed,us,us
2021-11-28T09:42:15.656Z,7.5372,-76.9227,23.41,4.5,mb,,94,1.924,0.71,us,us7000fxps,2021-11-28T15:04:10.525Z,"24 km ENE of Riosucio, Colombia",earthquake,6,8.6,0.192,12,reviewed,us,us
2021-11-28T09:37:17.623Z,-32.3775,-71.9198,22.65,4,mwr,,134,0.683,0.79,us,us7000fxpj,2021-11-29T02:39:11.877Z,"65 km W of La Ligua, Chile",earthquake,3.7,6.3,0.043,53,reviewed,us,us
2021-11-28T09:06:11.207Z,-18.4679,-178.2631,496.63,4.2,mb,,115,3.576,0.68,us,us7000fxpm,2021-11-28T10:35:35.040Z,"259 km E of Levuka, Fiji",earthquake,15.1,9,0.103,27,reviewed,us,us
2021-11-28T08:58:55.226Z,31.66767676,-104.3910727,7.596923828,2.9,ml,14,60,0.093525611,0.2,tx,tx2021xhlh,2021-11-28T09:12:04.160Z,"56 km S of Whites City, New Mexico",earthquake,1.30162639,1.588831495,0,6,reviewed,tx,tx
2021-11-28T08:56:13.400Z,40.6204987,-123.1504974,30.09,2.71,md,6,102,0.06572,0.04,nc,nc73659055,2021-11-28T10:12:12.563Z,"8km NNE of Hayfork, CA",earthquake,0.67,1.06,0.1,6,automatic,nc,nc
2021-11-28T08:27:03.010Z,17.945,-66.743,18,2.63,md,17,170,0.1395,0.11,pr,pr2021332012,2021-11-28T08:40:26.521Z,"6 km SSW of Tallaboa, Puerto Rico",earthquake,0.29,0.3,0.08,4,reviewed,pr,pr
2021-11-28T08:12:14.466Z,37.373,-104.3336,8,2.7,ml,,70,0.241,0.41,us,us7000fxnu,2021-11-28T15:07:13.981Z,Colorado,earthquake,1.2,8.6,0.115,10,reviewed,us,us
2021-11-28T07:50:18.405Z,18.9199,-68.9991,8.05,2.9,ml,,176,0.711,0.45,us,us7000fxnq,2021-11-28T08:30:42.040Z,"8 km SE of Miches, Dominican Republic",earthquake,2.6,11.4,0.055,43,reviewed,us,us
2021-11-28T07:43:40.650Z,17.9841,-67.0045,10,2.74,md,16,147,0.0423,0.17,pr,pr2021332010,2021-11-28T08:00:46.729Z,"4 km ENE of La Parguera, Puerto Rico",earthquake,0.41,0.68,0.03,5,reviewed,pr,pr
2021-11-28T07:16:55.827Z,-20.4295,-178.2569,568.76,4.1,mb,,171,4.394,0.34,us,us7000fxnl,2021-11-28T08:21:03.040Z,Fiji region,earthquake,13.9,13.7,0.112,22,reviewed,us,us
2021-11-28T06:57:19.349Z,40.4233,-126.4046,10,3,ml,,258,1.743,0.68,us,us7000fxnb,2021-11-28T07:17:51.040Z,"182 km W of Ferndale, California",earthquake,8.3,2,0.038,92,reviewed,us,us
2021-11-28T06:32:30.995Z,-12.0305,-77.3749,64.45,5.1,mb,,85,0.523,0.94,us,us7000fxna,2021-11-29T22:54:08.806Z,"28 km W of Callao, Peru",earthquake,8.6,5.2,0.027,438,reviewed,us,us
2021-11-28T06:30:36.161Z,67.0253,-146.7062,4.5,2.9,ml,,,,0.74,ak,ak021f966bs2,2021-11-28T07:33:46.040Z,"12 km W of Venetie, Alaska",earthquake,,0.5,,,automatic,ak,ak
2021-11-28T05:59:10.556Z,31.67497601,-104.2436354,7.288427734,3.2,ml,17,53,0.110834751,0.2,tx,tx2021xhfj,2021-11-28T08:10:53.726Z,western Texas,earthquake,1.195872032,1.653864972,0.2,6,reviewed,tx,tx
2021-11-28T05:51:55.308Z,66.9407,-146.8561,73.9,2.8,ml,,,,0.77,ak,ak021f95pfpr,2021-11-28T06:03:02.086Z,"20 km WSW of Venetie, Alaska",earthquake,,1.9,,,automatic,ak,ak
2021-11-28T05:44:20.388Z,31.4828,-115.6439,18.66,3.2,ml,,110,0.15,0.67,us,us7000fxmt,2021-11-29T16:17:04.811Z,"59 km ENE of San Vicente, Mexico",earthquake,3.1,7.3,0.053,46,reviewed,us,us
2021-11-28T03:12:56.770Z,19.19466667,-155.4685,36.39,3,ml,55,97,,0.11,hv,hv72814362,2021-11-29T23:16:38.493Z,"1 km SE of P?hala, Hawaii",earthquake,0.42,0.5,0.21560953,39,reviewed,hv,hv
2021-11-28T03:10:06.580Z,17.9713,-67.0026,9,3.25,md,27,168,0.0417,0.11,pr,pr2021332005,2021-11-28T05:34:49.482Z,"4 km E of La Parguera, Puerto Rico",earthquake,0.27,0.43,0.28,11,reviewed,pr,pr
2021-11-28T02:57:18.080Z,17.9728,-67.0021,9,3.46,md,28,178,0.0423,0.09,pr,pr2021332003,2021-11-29T02:59:17.147Z,"4 km E of La Parguera, Puerto Rico",earthquake,0.34,0.62,0.33,25,reviewed,pr,pr
2021-11-28T02:52:34.632Z,38.6717,14.3583,10,4.4,mb,,69,1.273,0.78,us,us7000fxly,2021-11-28T04:25:43.238Z,"42 km WNW of Leni, Italy",earthquake,5.4,1.9,0.097,31,reviewed,us,us
2021-11-28T02:46:24.520Z,17.9701,-67.0018,9,3.33,md,27,170,0.0424,0.11,pr,pr2021332004,2021-11-29T02:48:28.218Z,"4 km E of La Parguera, Puerto Rico",earthquake,0.29,0.48,0.22,26,reviewed,pr,pr
2021-11-28T02:13:16.540Z,18.6423,-65.316,67,3.04,md,14,275,0.3365,0.36,pr,pr2021332002,2021-11-28T06:24:16.538Z,"37 km N of Culebra, Puerto Rico",earthquake,3.18,2.81,0.08,3,reviewed,pr,pr
2021-11-28T01:53:54.738Z,66.9855,-146.4942,13,2.8,ml,,,,0.51,ak,ak021f93c4rf,2021-11-28T02:33:06.040Z,"4 km SW of Venetie, Alaska",earthquake,,0.3,,,reviewed,ak,ak
2021-11-28T01:44:10.267Z,66.9559,-146.5953,6.9,4.3,ml,,,,0.94,ak,ak021f93a45y,2021-11-29T15:55:25.040Z,,earthquake,,1.2,,,reviewed,ak,ak
2021-11-28T01:39:47.483Z,66.9631,-146.4799,12.1,3.7,ml,,,,0.87,ak,ak021f939474,2021-11-28T02:21:29.040Z,"6 km SSW of Venetie, Alaska",earthquake,,0.3,,,reviewed,ak,ak
2021-11-28T01:38:08.507Z,33.4477,58.7505,10,4.7,mb,,72,8.616,0.74,us,us7000fxlh,2021-11-28T01:58:57.040Z,"50 km SW of Q?’en, Iran",earthquake,7.2,1.8,0.054,104,reviewed,us,us
2021-11-28T01:32:51.113Z,27.0868,96.3158,10,4.6,mb,,72,6.324,1.27,us,us7000fxlf,2021-11-28T02:27:42.040Z,"67 km ESE of Margherita, India",earthquake,4.2,1.9,0.103,28,reviewed,us,us
2021-11-28T01:29:28.050Z,17.8413,-66.857,11,2.79,md,11,256,0.1356,0.1,pr,pr2021332001,2021-11-28T01:50:31.820Z,"15 km SSE of Guánica, Puerto Rico",earthquake,0.56,0.64,0.13,6,reviewed,pr,pr
2021-11-28T00:54:40.940Z,17.8391,-66.8563,13,2.74,md,15,224,0.1379,0.14,pr,pr2021332000,2021-11-28T01:21:47.579Z,"15 km SSE of Guánica, Puerto Rico",earthquake,0.55,0.6,0.11,5,reviewed,pr,pr
2021-11-28T00:37:37.679Z,-38.8416,-73.6557,31.26,4.1,mb,,143,1.052,0.64,us,us7000fxl3,2021-11-28T02:36:59.040Z,"45 km WSW of Carahue, Chile",earthquake,5.5,4.4,0.262,4,reviewed,us,us
2021-11-27T23:51:25.158Z,52.5962,-176.0142,179.8,3,ml,,,,0.57,ak,ak021f7svttn,2021-11-28T00:30:22.906Z,"90 km NNE of Adak, Alaska",earthquake,,1.1,,,reviewed,ak,ak
2021-11-27T23:30:13.160Z,17.9005,-66.9705,12,2.54,md,13,242,0.1009,0.15,pr,pr2021331007,2021-11-27T23:52:28.459Z,"10 km SW of Guánica, Puerto Rico",earthquake,0.66,0.43,0.16,7,reviewed,pr,pr
2021-11-27T23:00:39.199Z,-21.2335,-176.492,190.38,4.6,mb,,120,6.206,0.91,us,us7000fxki,2021-11-28T02:42:41.040Z,"133 km W of Haveluloto, Tonga",earthquake,15.3,8.2,0.107,26,reviewed,us,us
2021-11-27T22:49:04.043Z,85.4413,13.2037,10,4.9,mb,,57,6.57,0.85,us,us7000fxkf,2021-11-27T23:07:38.040Z,north of Svalbard,earthquake,9.4,1.9,0.065,75,reviewed,us,us
2021-11-27T22:44:48.469Z,-27.8309,-71.1125,41.85,4.8,mwr,,95,0.373,1.12,us,us7000fxkd,2021-11-28T00:01:14.289Z,"89 km NNW of Vallenar, Chile",earthquake,4.4,4.9,0.034,82,reviewed,us,us
2021-11-27T21:07:54.260Z,19.18483333,-155.4693333,37.1,2.65,md,52,94,,0.11,hv,hv72814027,2021-11-30T06:57:44.610Z,"2 km SSE of P?hala, Hawaii",earthquake,0.43,0.5,0.154227304,22,reviewed,hv,hv
2021-11-27T20:40:05.703Z,-36.3264,-71.2306,131.33,4.1,mb,,103,0.338,0.78,us,us7000fxjw,2021-11-28T00:24:58.040Z,"57 km SE of Longaví, Chile",earthquake,7.2,1.9,0.233,6,reviewed,us,us
2021-11-27T20:36:39.554Z,-9.3079,148.1673,10,5.3,mb,,18,6.448,1.06,us,us7000fxjx,2021-11-28T04:09:44.782Z,"60 km S of Popondetta, Papua New Guinea",earthquake,7.8,1.7,0.048,145,reviewed,us,us
2021-11-27T19:40:22.970Z,-28.1024,-64.5012,10,4.3,mb,,55,4.3,0.51,us,us7000fxjk,2021-11-28T16:08:07.529Z,"41 km SW of Santiago del Estero, Argentina",earthquake,6.2,1.8,0.178,9,reviewed,us,us
2021-11-27T19:31:56.679Z,-38.8677,-73.5544,20.43,4.4,mwr,,139,1.016,0.82,us,us7000fxjr,2021-11-27T23:37:59.040Z,"38 km WSW of Carahue, Chile",earthquake,2.4,5.4,0.065,23,reviewed,us,us
2021-11-27T19:28:59.319Z,-38.8213,-73.5757,27.37,4.6,mwr,,139,1.063,0.58,us,us7000fxji,2021-11-28T00:00:18.828Z,"38 km WSW of Carahue, Chile",earthquake,4.5,5,0.047,44,reviewed,us,us
2021-11-27T18:48:07.653Z,-7.0176,155.9081,52.36,5.3,mww,,41,4.665,0.98,us,us7000fxj5,2021-11-29T16:17:13.373Z,"90 km SSE of Panguna, Papua New Guinea",earthquake,7.7,3.3,0.073,18,reviewed,us,us
2021-11-27T18:42:48.989Z,-10.7097,165.7956,35,4.6,mb,,101,4.904,0.53,us,us7000fxjb,2021-11-27T20:03:02.040Z,"1 km N of Lata, Solomon Islands",earthquake,7.6,2,0.095,33,reviewed,us,us
2021-11-27T18:24:17.312Z,48.8539,155.3874,47.86,4.6,mb,,131,4.503,0.64,us,us7000fxj6,2021-11-27T19:48:49.040Z,"209 km SSW of Severo-Kuril’sk, Russia",earthquake,9.8,4.4,0.073,56,reviewed,us,us
2021-11-27T17:36:00.736Z,61.2491,-139.4787,3.7,3,ml,,,,0.99,ak,ak021f7p7yjm,2021-11-27T18:03:15.965Z,"120 km WNW of Haines Junction, Canada",earthquake,,0.3,,,reviewed,ak,ak
2021-11-27T17:06:43.990Z,17.9705,-66.8535,17,3.02,md,20,166,0.0261,0.19,pr,pr2021331006,2021-11-29T10:11:19.276Z,"3 km ESE of Maria Antonia, Puerto Rico",earthquake,0.48,0.36,0.17,12,reviewed,pr,pr
2021-11-27T17:03:28.990Z,18.8471,-68.2695,101,3.27,md,7,198,1.4325,0.49,pr,pr2021331005,2021-11-27T17:21:43.477Z,"32 km NNE of Punta Cana, Dominican Republic",earthquake,6.62,5.18,0.03,3,reviewed,pr,pr
2021-11-27T16:01:11.280Z,19.1605,-155.5046667,37.25,2.93,ml,56,114,,0.12,hv,hv72813692,2021-11-30T00:17:49.545Z,"5 km SSW of P?hala, Hawaii",earthquake,0.47,0.55,0.145836308,37,reviewed,hv,hv
2021-11-27T15:35:34.011Z,28.48480225,-100.2976792,4.13285319,3.2,ml,10,81,0.017621678,0.3,tx,tx2021xgcw,2021-11-27T16:27:36.040Z,"3 km SSE of El Indio, Texas",earthquake,2.815857387,1.547696099,0.2,6,reviewed,tx,tx
2021-11-27T14:12:30.130Z,34.2285,-116.7508333,7.6,2.57,ml,87,39,0.1351,0.12,ci,ci39871631,2021-12-01T14:55:53.353Z,"9km ESE of Big Bear City, CA",earthquake,0.1,0.39,0.2,24,reviewed,ci,ci
2021-11-27T13:25:10.080Z,19.1183,-66.372,28,3.48,md,18,259,0.6603,0.24,pr,pr2021331004,2021-11-27T14:42:22.429Z,"72 km N of Brenas, Puerto Rico",earthquake,0.95,8.62,0.09,14,reviewed,pr,pr
2021-11-27T13:01:53.193Z,62.7805,-150.4612,90.4,2.8,ml,,,,0.58,ak,ak021f7mmu2v,2021-11-27T14:46:11.040Z,"35 km NNE of Petersville, Alaska",earthquake,,0.5,,,automatic,ak,ak
2021-11-27T11:10:30.220Z,17.8631,-66.8935,14,3.29,md,25,219,0.1129,0.16,pr,pr2021331002,2021-11-27T12:17:05.278Z,"12 km S of Guánica, Puerto Rico",earthquake,0.64,0.98,0.12,20,reviewed,pr,pr
2021-11-27T11:03:45.070Z,17.8341,-66.8511,8,2.76,md,14,257,0.1438,0.11,pr,pr2021331003,2021-11-27T12:20:45.534Z,"16 km SSE of Guánica, Puerto Rico",earthquake,0.65,1.46,0.04,7,reviewed,pr,pr
2021-11-27T11:00:06.940Z,41.1008333,-125.297,24.71,3.24,ml,42,251,0.9295,0.2,nc,nc73658620,2021-12-01T03:40:10.023Z,"97km W of Trinidad, CA",earthquake,1.39,14.53,0.209,20,reviewed,nc,nc
2021-11-27T10:30:34.080Z,17.9625,-66.7875,18,2.6,md,13,166,0.0926,0.09,pr,pr2021331001,2021-11-27T10:49:20.222Z,"4 km SE of Indios, Puerto Rico",earthquake,0.42,0.7,0.14,6,reviewed,pr,pr
2021-11-27T10:11:19.188Z,-59.4627,-25.7274,41.72,4.9,mb,,71,9.574,0.47,us,us7000fxgp,2021-11-27T10:40:22.040Z,South Sandwich Islands region,earthquake,6.3,8.7,0.075,55,reviewed,us,us
2021-11-27T07:55:59.610Z,19.22066689,-155.4196625,2.170000076,2.61,ml,27,197,,0.370000005,hv,hv72813297,2021-11-27T08:02:28.730Z,"6 km ENE of P?hala, Hawaii",earthquake,1.91,20.2299995,0.09,4,automatic,hv,hv
2021-11-27T07:55:53.400Z,19.21533333,-155.4211667,33.68,2.77,ml,52,139,,0.12,hv,hv72813302,2021-11-29T23:31:05.680Z,"6 km ENE of P?hala, Hawaii",earthquake,0.47,0.52,0.159326782,36,reviewed,hv,hv
2021-11-27T07:35:29.560Z,41.1001667,-125.2573333,24.44,4.05,mw,50,240,0.838,0.21,nc,nc73658540,2021-12-01T00:13:11.758Z,"94km W of Trinidad, CA",earthquake,1.02,13.79,,5,reviewed,nc,nc
2021-11-27T06:18:34.790Z,59.6538,-152.6945,98.3,2.6,ml,,,,0.61,ak,ak021f7ikemf,2021-11-27T06:32:23.829Z,"50 km WSW of Anchor Point, Alaska",earthquake,,0.4,,,automatic,ak,ak
2021-11-27T06:01:52.992Z,4.7268,126.268,75.18,5.2,mww,,80,2.426,0.8,us,us7000fxf8,2021-11-27T07:28:21.067Z,"116 km SE of Sarangani, Philippines",earthquake,7.9,5.8,0.075,17,reviewed,us,us
2021-11-27T05:25:15.848Z,-24.3024,-67.2565,179.59,4.7,mb,,66,1.588,0.65,us,us7000fxev,2021-11-27T05:43:19.040Z,"95 km W of San Antonio de los Cobres, Argentina",earthquake,3.7,10.3,0.184,10,reviewed,us,us
2021-11-27T05:18:46.790Z,45.306,-123.9653333,14.97,2.53,ml,30,170,0.1006,0.22,uw,uw61800711,2021-11-27T17:29:59.400Z,"11 km WNW of Beaver, Oregon",earthquake,0.37,0.86,0.134320401,7,reviewed,uw,uw
2021-11-27T05:14:10.831Z,34.1054,26.1749,21,4.4,mb,,116,1.651,0.58,us,us7000fxep,2021-11-27T07:00:15.040Z,"108 km SSE of Ierápetra, Greece",earthquake,7.4,5.9,0.091,35,reviewed,us,us
2021-11-27T05:04:52.420Z,19.18333333,-155.4776667,35.15,2.76,md,53,80,,0.1,hv,hv72813147,2021-11-30T02:38:55.130Z,"2 km S of P?hala, Hawaii",earthquake,0.44,0.55,0.125341111,21,reviewed,hv,hv
2021-11-27T04:06:05.955Z,-22.1967,-68.8298,130.89,4.5,mb,,42,0.853,0.55,us,us7000fxea,2021-11-27T04:24:48.040Z,"30 km NNE of Calama, Chile",earthquake,5.4,6.6,0.157,12,reviewed,us,us
2021-11-27T03:45:51.331Z,-6.3019,154.8132,51.02,5.4,mww,,18,3.37,0.72,us,us7000fxe4,2021-11-28T03:48:28.807Z,"74 km W of Panguna, Papua New Guinea",earthquake,7.8,6.1,0.071,19,reviewed,us,us
2021-11-27T03:41:50.321Z,31.66503586,-104.3727478,7.699755859,3,ml,18,61,0.109203544,0.3,tx,tx2021xffi,2021-11-27T03:53:56.346Z,"56 km S of Whites City, New Mexico",earthquake,1.147149076,1.554008368,0.1,7,reviewed,tx,tx
2021-11-27T02:46:37.675Z,31.66135932,-104.3727157,6.979931641,2.9,ml,16,62,0.109415217,0.3,tx,tx2021xfdn,2021-11-27T02:59:39.010Z,"57 km S of Whites City, New Mexico",earthquake,1.354580629,1.606322539,0.1,8,reviewed,tx,tx
2021-11-27T02:37:44.896Z,36.4924,70.155,219.88,4,mb,,103,0.716,1.01,us,us7000fxdp,2021-11-27T02:48:43.040Z,"28 km ESE of Farkh?r, Afghanistan",earthquake,9,6.2,0.231,5,reviewed,us,us
2021-11-27T01:46:45.875Z,-14.8791,-72.0283,107.68,4.2,mb,,123,3.64,1.03,us,us7000fxdg,2021-11-27T02:10:14.040Z,"22 km S of Cayarani, Peru",earthquake,4.9,14,0.159,11,reviewed,us,us
2021-11-27T01:44:03.031Z,-5.6743,151.4818,37.47,5.3,mww,,60,1.622,0.63,us,us7000fxdh,2021-11-27T02:01:34.040Z,"149 km E of Kimbe, Papua New Guinea",earthquake,8.2,6.9,0.078,16,reviewed,us,us
2021-11-27T00:44:35.677Z,31.61307522,-104.2595899,8.136791992,2.7,ml,43,119,0.165194191,0.3,tx,tx2021xezm,2021-11-30T16:06:01.208Z,"55 km NW of Toyah, Texas",earthquake,0.788705264,1.404043724,0.2,25,reviewed,tx,tx
2021-11-26T23:17:46.100Z,19.18266667,-155.4781667,34.88,2.82,ml,53,78,,0.11,hv,hv72812837,2021-11-30T05:46:25.040Z,"2 km S of P?hala, Hawaii",earthquake,0.42,0.51,0.145513333,23,reviewed,hv,hv
2021-11-26T23:16:24.710Z,19.181,-155.473,36.04,2.92,ml,54,86,,0.1,hv,hv72812832,2021-11-30T05:29:53.040Z,"2 km SSE of P?hala, Hawaii",earthquake,0.41,0.51,0.142176381,37,reviewed,hv,hv
2021-11-26T23:04:31.246Z,31.60963569,-104.2582193,7.288427734,3.2,ml,16,58,0.168811116,0.3,tx,tx2021xewe,2021-11-26T23:30:18.040Z,"54 km NW of Toyah, Texas",earthquake,1.49720546,1.870163597,0.1,6,reviewed,tx,tx
2021-11-26T22:24:10.568Z,31.61170232,-104.2585037,7.10847168,2.7,ml,47,70,0.166738017,0.3,tx,tx2021xeuv,2021-11-30T15:22:32.777Z,"55 km NW of Toyah, Texas",earthquake,0.847847275,1.505148776,0.2,29,reviewed,tx,tx
2021-11-26T22:01:58.580Z,18.0215,-67.9641,38,3.56,md,13,229,0.6057,0.32,pr,pr2021330012,2021-11-30T05:23:01.040Z,"77 km SE of Punta Cana, Dominican Republic",earthquake,1.98,5.66,0.06,10,reviewed,pr,pr
2021-11-26T21:57:03.635Z,59.9454,-152.539,90.2,2.6,ml,,,,0.61,ak,ak021f646uml,2021-11-26T22:44:13.040Z,"43 km WNW of Anchor Point, Alaska",earthquake,,0.3,,,automatic,ak,ak
2021-11-26T21:48:35.449Z,-6.6254,-75.8385,109.67,5.1,mb,,67,3.297,0.7,us,us7000fxc8,2021-11-27T15:13:06.459Z,"33 km E of Chazuta, Peru",earthquake,7.7,5.8,0.024,546,reviewed,us,us
2021-11-26T21:08:07.570Z,17.9706,-66.7883,18,2.75,md,17,162,0.091,0.14,pr,pr2021330011,2021-11-26T21:39:05.449Z,"4 km SE of Indios, Puerto Rico",earthquake,0.38,0.39,0.29,6,reviewed,pr,pr
2021-11-26T19:56:44.670Z,18.0025,-66.7285,11,2.82,md,16,140,0.1287,0.11,pr,pr2021330010,2021-11-26T20:14:48.993Z,"1 km WNW of Tallaboa, Puerto Rico",earthquake,0.35,0.34,0.09,12,reviewed,pr,pr
2021-11-26T19:29:40.808Z,54.2008,-35.059,10,4.7,mb,,71,8.904,0.53,us,us7000fxbp,2021-11-26T20:30:57.040Z,Reykjanes Ridge,earthquake,9.6,1.9,0.039,204,reviewed,us,us
2021-11-26T18:35:19.093Z,-15.0396,-173.2736,10,5.3,mb,,63,1.83,0.85,us,us7000fxbg,2021-11-27T00:14:08.968Z,"115 km NNE of Hihifo, Tonga",earthquake,10.2,1.8,0.073,64,reviewed,us,us
2021-11-26T18:33:08.550Z,-15.1046,-173.0216,10,5.3,mww,,66,1.689,1.34,us,us7000fxb8,2021-11-27T00:07:41.915Z,"125 km NE of Hihifo, Tonga",earthquake,6.6,1.8,0.098,10,reviewed,us,us
2021-11-26T18:27:52.100Z,37.4983333,-118.8551667,4.19,2.77,md,19,74,0.09385,0.04,nc,nc73658195,2021-11-26T23:41:11.422Z,"17km WSW of Toms Place, CA",earthquake,0.45,1.4,0.162,38,reviewed,nc,nc
2021-11-26T17:45:05.490Z,37.4991684,-118.8560028,3.86,2.67,md,18,144,0.09318,0.02,nc,nc73658180,2021-11-26T20:01:10.789Z,"17km WSW of Toms Place, CA",earthquake,0.3,1.24,0.2,30,automatic,nc,nc
2021-11-26T16:03:20.180Z,19.2895,-65.1528,31,3.7,md,18,309,0.9905,0.39,pr,pr2021330013,2021-11-27T08:33:30.343Z,"107 km NNW of Charlotte Amalie, U.S. Virgin Islands",earthquake,3.04,23.64,0.14,12,reviewed,pr,pr
2021-11-26T15:47:45.409Z,10.1861,126.2369,49.04,4.7,mb,,108,3.164,1.04,us,us7000fx8r,2021-11-26T16:23:54.040Z,"28 km NE of Santa Monica, Philippines",earthquake,9.1,5.7,0.075,54,reviewed,us,us
2021-11-26T15:30:39.418Z,-4.4787,125.4141,411.32,4,mb,,93,5.197,0.88,us,us7000fx8p,2021-11-26T20:42:20.040Z,Banda Sea,earthquake,12.7,10.6,0.106,24,reviewed,us,us
2021-11-26T14:50:07.267Z,11.0924,126.5123,10,4.4,mb,,84,4.102,0.43,us,us7000fx8i,2021-11-27T07:25:13.040Z,"76 km ENE of Sulangan, Philippines",earthquake,10.1,1.9,0.094,34,reviewed,us,us
2021-11-26T13:51:08.135Z,-8.164,119.618,167.45,4.3,mb,,67,2.633,0.69,us,us7000fx8a,2021-11-27T07:13:37.040Z,"47 km NW of Labuan Bajo, Indonesia",earthquake,3.4,9.5,0.16,12,reviewed,us,us
2021-11-26T13:47:26.270Z,19.14516667,-155.5031667,34.33,2.73,ml,56,143,,0.1,hv,hv72812377,2021-11-27T01:25:26.640Z,"6 km SSW of P?hala, Hawaii",earthquake,0.43,0.49,0.173238463,28,reviewed,hv,hv
2021-11-26T13:39:38.070Z,37.852,-112.5381667,7.37,2.8,ml,21,96,0.4424,0.18,uu,uu60469717,2021-11-26T16:07:36.888Z,"9 km WNW of Panguitch, Utah",earthquake,0.43,0.89,0.127,14,reviewed,uu,uu
2021-11-26T13:24:45.651Z,31.60362908,-104.2640914,6.414355469,3.4,ml,15,59,0.173701662,0.3,tx,tx2021xedc,2021-11-27T13:28:33.953Z,"55 km NW of Toyah, Texas",earthquake,1.232428199,1.882571896,0.1,7,reviewed,tx,tx
2021-11-26T12:55:01.350Z,17.9678,-66.7816,15,2.85,md,22,163,0.0979,0.23,pr,pr2021330009,2021-11-26T19:45:05.833Z,"4 km SE of Indios, Puerto Rico",earthquake,0.44,0.43,0.18,9,reviewed,pr,pr
2021-11-26T12:12:08.789Z,7.3494,-75.2675,64.94,4.3,mb,,89,1.179,0.56,us,us7000fx7u,2021-11-26T12:29:38.067Z,"15 km ENE of Valdivia, Colombia",earthquake,7.8,10.6,0.055,96,reviewed,us,us
2021-11-26T12:03:32.102Z,31.6435,-104.5979,4.49,2.6,ml,,74,0.086,0.27,us,us7000fx7r,2021-11-26T12:12:05.040Z,"62 km SSW of Whites City, New Mexico",earthquake,1.3,3,0.048,56,reviewed,us,us
2021-11-26T11:46:00.408Z,68.0478,-156.7649,0,2.5,ml,,,,1.23,ak,ak021f5y65kg,2021-11-26T12:23:27.479Z,"116 km NNE of Ambler, Alaska",earthquake,,0.3,,,automatic,ak,ak
2021-11-26T11:16:46.690Z,17.8923,-66.9731,12,2.78,md,14,246,0.1252,0.11,pr,pr2021330007,2021-11-26T11:30:27.675Z,"11 km SW of Guánica, Puerto Rico",earthquake,0.64,0.42,0.23,5,reviewed,pr,pr
2021-11-26T10:47:08.502Z,-23.4188,-179.7439,537.66,4,mb,,125,6.01,0.28,us,us7000fx7c,2021-12-01T09:51:44.040Z,south of the Fiji Islands,earthquake,14.8,14.2,0.126,17,reviewed,us,us
2021-11-26T09:20:00.600Z,18.2091,-67.623,4,3.17,md,10,287,0.2268,0.45,pr,pr2021330006,2021-11-26T09:44:13.140Z,"41 km WSW of Stella, Puerto Rico",earthquake,2.21,1.79,0.06,3,reviewed,pr,pr
2021-11-26T09:12:40.670Z,19.189,-155.3856667,44.87,3.16,md,29,178,,0.21,hv,hv72812152,2021-12-01T09:25:14.040Z,"9 km E of P?hala, Hawaii",earthquake,0.87,0.76,0.119036037,13,reviewed,hv,hv
2021-11-26T09:12:03.640Z,19.11116667,-155.4116667,43.49,2.53,md,32,186,,0.11,hv,hv72812147,2021-12-01T08:19:28.040Z,"12 km SE of P?hala, Hawaii",earthquake,0.61,0.66,0.14592957,13,reviewed,hv,hv
2021-11-26T08:02:08.120Z,18.6401,-68.8386,111,3.36,md,12,161,0.4743,0.18,pr,pr2021330005,2021-11-26T08:34:33.440Z,"14 km WNW of Salvaleón de Higüey, Dominican Republic",earthquake,2.6,1.33,0.53,3,reviewed,pr,pr
2021-11-26T07:36:42.397Z,-18.8404,-177.5494,598.01,4.4,mb,,72,4.317,0.65,us,us7000fx6k,2021-11-26T07:55:27.040Z,Fiji region,earthquake,15.5,11.7,0.098,30,reviewed,us,us
2021-11-26T07:33:24.900Z,17.9303,-66.9016,11,2.53,md,20,191,0.0501,0.16,pr,pr2021330004,2021-11-26T07:47:54.924Z,Puerto Rico region,earthquake,0.45,0.48,0.04,9,reviewed,pr,pr
2021-11-26T07:14:04.305Z,29.0063,142.3645,10,5.7,mww,,63,4.643,1.29,us,us7000fx6f,2021-11-27T07:19:39.642Z,"Izu Islands, Japan region",earthquake,8.6,1.8,0.08,15,reviewed,us,us
2021-11-26T05:28:29.580Z,37.4985008,-118.8521652,4.41,2.96,ml,20,114,0.1206,0.04,nc,nc73657915,2021-11-27T02:37:08.658Z,"17km WSW of Toms Place, CA",earthquake,0.32,1.7,0.346,27,automatic,nc,nc
2021-11-26T04:13:21.603Z,-21.4277,174.4767,520.5,5.8,mww,,38,4.978,0.87,us,us7000fx5p,2021-11-26T04:31:43.040Z,Vanuatu region,earthquake,9.5,6.6,0.066,22,reviewed,us,us
2021-11-26T03:20:30.295Z,6.8674,-72.9964,152.33,4.4,mb,,35,0.972,1.28,us,us7000fx5d,2021-11-26T03:34:44.040Z,northern Colombia,earthquake,8.2,7.8,0.093,33,reviewed,us,us
2021-11-26T03:05:39.120Z,19.20733333,-155.4046667,33.08,2.92,ml,56,154,,0.12,hv,hv72811887,2021-11-26T22:20:46.280Z,"7 km E of P?hala, Hawaii",earthquake,0.44,0.49,0.199541392,40,reviewed,hv,hv
2021-11-26T03:00:25.280Z,18.614,-68.8171,113,3.96,md,15,173,0.447,0.22,pr,pr2021330001,2021-11-26T04:50:37.773Z,"11 km W of Salvaleón de Higüey, Dominican Republic",earthquake,3.05,1.73,0.07,6,reviewed,pr,pr
2021-11-26T02:16:25.820Z,61.2354,-146.822,14.3,2.8,ml,,,,0.74,ak,ak021f5smvlu,2021-11-26T02:28:03.040Z,"28 km WNW of Valdez, Alaska",earthquake,,0.2,,,automatic,ak,ak
2021-11-26T01:33:53.884Z,-18.5897,-177.6803,627.6,4.4,mb,,148,4.142,0.7,us,us6000g87n,2021-12-02T02:15:53.040Z,Fiji region,earthquake,13.3,7.9,0.17,13,reviewed,us,us
2021-11-26T01:12:24.150Z,18.1978,-68.1653,78,3.5,md,15,169,0.3829,0.29,pr,pr2021330000,2021-11-26T01:45:46.860Z,"49 km SSE of Punta Cana, Dominican Republic",earthquake,1.87,1.38,0.09,5,reviewed,pr,pr
2021-11-25T23:45:41.750Z,22.81,93.5248,42.45,6.2,mww,,21,3.842,0.83,us,us7000fx45,2021-12-01T21:58:17.864Z,"19 km SW of Falam, Myanmar",earthquake,8.3,3.8,0.08,15,reviewed,us,us
2021-11-25T22:50:10.374Z,30.2838,-113.7523,10,4.5,mb,,147,1.208,0.56,us,us7000fx3w,2021-11-26T01:16:21.040Z,"110 km WNW of La Libertad, Mexico",earthquake,6.4,2,0.046,143,reviewed,us,us
2021-11-25T21:57:10.780Z,37.4981651,-118.8529968,4.36,2.85,ml,25,74,0.09365,0.05,nc,nc73657750,2021-11-26T05:49:53.404Z,"17km WSW of Toms Place, CA",earthquake,0.37,1.3,0.343,25,automatic,nc,nc
2021-11-25T21:42:38.742Z,-29.5322,-179.1727,344.93,4.4,mb,,96,1.125,1.21,us,us7000fx3l,2021-11-27T23:34:54.040Z,Kermadec Islands region,earthquake,8.3,6.9,0.092,34,reviewed,us,us
2021-11-25T20:42:15.147Z,29.8519,-113.8255,10,4.4,mb,,199,1.476,0.67,us,us7000fx39,2021-11-25T21:22:17.040Z,"109 km W of La Libertad, Mexico",earthquake,7.4,1.9,0.092,36,reviewed,us,us
2021-11-25T20:22:49.208Z,-6.1122,149.1116,64.2,4.5,mb,,55,3.589,1.21,us,us7000fx37,2021-12-01T22:02:36.040Z,"49 km WNW of Kandrian, Papua New Guinea",earthquake,11.4,6.4,0.089,40,reviewed,us,us
2021-11-25T19:01:30.172Z,15.6072,-96.6106,10,4.3,mb,,131,2.701,0.81,us,us7000fx2y,2021-11-30T23:40:21.170Z,"14 km WSW of Puerto Ángel, Mexico",earthquake,8.5,1.9,0.056,94,reviewed,us,us
2021-11-25T18:50:08.560Z,19.057,-66.4006,46,3.36,md,10,324,0.594,0.14,pr,pr2021329012,2021-11-25T19:31:44.351Z,"65 km N of Brenas, Puerto Rico",earthquake,1.47,2.84,0.04,4,reviewed,pr,pr
2021-11-25T17:34:15.750Z,19.1171,-66.4108,29,3.34,md,19,251,0.6509,0.33,pr,pr2021329011,2021-11-30T22:38:17.040Z,"72 km N of Brenas, Puerto Rico",earthquake,1.2,9.02,0.09,13,reviewed,pr,pr
2021-11-25T17:31:50.693Z,-10.7481,166.3259,36.02,4.3,mb,,151,4.748,1.2,us,us6000g7y7,2021-11-30T22:34:51.040Z,"57 km E of Lata, Solomon Islands",earthquake,13.1,11.1,0.265,4,reviewed,us,us
2021-11-25T17:10:47.408Z,3.9958,126.5568,72.32,4.3,mb,,134,3.205,0.68,us,us6000g7y6,2021-11-30T22:22:52.040Z,"197 km SE of Sarangani, Philippines",earthquake,5.6,8.5,0.126,18,reviewed,us,us
2021-11-25T16:49:32.041Z,51.0334,175.1081,10,3.2,ml,,259,1.81,0.44,us,us7000fx2g,2021-11-25T21:15:49.040Z,"241 km SSE of Attu Station, Alaska",earthquake,8.2,2,0.097,14,reviewed,us,us
2021-11-25T16:23:15.120Z,17.9513,-66.8351,14,2.53,md,8,209,0.0501,0.2,pr,pr2021329010,2021-11-25T16:33:00.344Z,"5 km SSW of Indios, Puerto Rico",earthquake,1.06,0.79,0.35,5,reviewed,pr,pr
2021-11-25T14:15:22.954Z,-10.3806,166.7108,36.29,4.4,mb,,91,5.058,0.54,us,us7000fx0s,2021-11-25T17:39:14.040Z,"107 km ENE of Lata, Solomon Islands",earthquake,10.2,9.1,0.13,18,reviewed,us,us
2021-11-25T14:06:53.042Z,-17.9411,-178.3796,615.06,4.4,mb,,90,3.403,0.96,us,us7000fx0n,2021-11-25T14:26:36.040Z,"244 km E of Levuka, Fiji",earthquake,12.2,9.3,0.041,172,reviewed,us,us
2021-11-25T14:06:42.950Z,19.32466667,-155.2016667,6.55,3.49,ml,48,114,,0.1,hv,hv72811222,2021-11-27T17:25:10.793Z,"13 km SSE of Volcano, Hawaii",earthquake,0.22,0.3,0.156499199,39,reviewed,hv,hv
2021-11-25T13:44:25.614Z,-10.9818,166.2622,58.38,4.7,mb,,76,4.532,1.04,us,us7000fx0g,2021-12-01T21:51:53.338Z,"58 km ESE of Lata, Solomon Islands",earthquake,9.1,6.8,0.11,26,reviewed,us,us
2021-11-25T12:39:43.439Z,-10.8856,166.5019,29.37,4.9,mb,,122,4.585,1.07,us,us7000fx0q,2021-11-26T13:03:35.040Z,"79 km ESE of Lata, Solomon Islands",earthquake,11.4,6.6,0.106,28,reviewed,us,us
2021-11-25T12:04:10.050Z,-10.7464,166.4849,39.91,6,mww,,42,4.724,1.2,us,us7000fwzz,2021-12-01T21:54:14.913Z,"75 km E of Lata, Solomon Islands",earthquake,8.5,6.6,0.098,10,reviewed,us,us
2021-11-25T10:54:38.410Z,19.22516667,-155.4161667,33.94,2.72,ml,56,136,,0.13,hv,hv72811042,2021-11-27T02:13:11.730Z,"7 km ENE of P?hala, Hawaii",earthquake,0.44,0.48,0.204773562,30,reviewed,hv,hv
2021-11-25T10:22:13.150Z,17.9611,-66.7883,16,3.12,md,26,166,0.092,0.2,pr,pr2021329009,2021-11-25T12:57:11.113Z,"4 km SE of Indios, Puerto Rico",earthquake,0.38,0.37,0.15,10,reviewed,pr,pr
2021-11-25T10:10:05.490Z,40.2540016,-124.1473312,11.82,2.68,md,14,113,0.0187,0.07,nc,nc73657510,2021-11-25T16:47:23.943Z,"14km SE of Petrolia, CA",earthquake,0.37,0.58,0.12,11,automatic,nc,nc
2021-11-25T08:10:08.360Z,17.96,-67.0298,6,2.68,md,24,204,0.0172,0.13,pr,pr2021329007,2021-11-25T08:53:32.580Z,"2 km SE of La Parguera, Puerto Rico",earthquake,0.39,0.17,0.08,5,reviewed,pr,pr
2021-11-25T06:55:13.188Z,-6.295,128.4381,336.34,4.3,mb,,82,3.296,0.49,us,us7000fwyy,2021-11-25T07:15:05.040Z,"288 km S of Ambon, Indonesia",earthquake,7.5,11.8,0.129,17,reviewed,us,us
2021-11-25T04:56:47.970Z,17.9268,-66.9036,11,2.88,md,26,192,0.0541,0.19,pr,pr2021329004,2021-11-25T05:24:54.874Z,"4 km S of Guánica, Puerto Rico",earthquake,0.43,0.37,0.19,10,reviewed,pr,pr
2021-11-25T04:31:08.810Z,17.9026,-67.1441,3,2.61,md,16,254,0.1094,0.13,pr,pr2021329003,2021-11-25T05:02:06.306Z,"9 km SSE of Pole Ojea, Puerto Rico",earthquake,0.39,0.31,0.12,4,reviewed,pr,pr
2021-11-25T04:25:08.880Z,18.1433,-68.0785,88,3.7,md,29,176,0.4786,0.44,pr,pr2021329002,2021-11-29T04:17:59.040Z,"59 km SE of Punta Cana, Dominican Republic",earthquake,2.41,1.6,0.14,19,reviewed,pr,pr
2021-11-25T03:56:01.601Z,3.2634,124.1113,381.25,4.7,mb,,62,3.954,0.8,us,us7000fwxt,2021-11-29T04:05:11.040Z,"213 km NNW of Manado, Indonesia",earthquake,7.9,6.1,0.052,110,reviewed,us,us
2021-11-25T03:24:27.097Z,-57.9577,-25.7053,54.37,5,mb,,49,10.101,0.89,us,us7000fwxn,2021-11-29T03:31:00.040Z,,earthquake,10.5,5.3,0.072,61,reviewed,us,us
2021-11-25T03:18:30.824Z,-32.7207,-70.1827,113.17,4,mb,,109,0.313,0.44,us,us7000fwxm,2021-11-29T03:14:45.040Z,"40 km ENE of Los Andes, Chile",earthquake,2.7,8.1,0.298,3,reviewed,us,us
2021-11-25T02:54:58.233Z,-12.0654,-75.3961,89.25,4.1,mb,,111,1.416,0.95,us,us7000fwxh,2021-11-29T00:23:42.040Z,"4 km SSW of Chambara, Peru",earthquake,6.7,10.1,0.175,9,reviewed,us,us
2021-11-25T02:45:39.360Z,18.184,-67.5521,6,2.58,md,11,269,0.2133,0.24,pr,pr2021329001,2021-11-25T03:12:22.187Z,"35 km WSW of Stella, Puerto Rico",earthquake,1.6,1.29,0.15,3,reviewed,pr,pr
2021-11-25T01:56:20.080Z,18.2595,-66.1065,19,2.67,md,16,84,0.0545,0.2,pr,pr2021329000,2021-11-25T02:37:02.643Z,"0 km NW of Aguas Buenas, Puerto Rico",earthquake,0.42,0.34,0.14,3,reviewed,pr,pr
2021-11-25T01:53:34.360Z,62.0534,-148.4569,13.5,2.8,ml,,,,0.87,ak,ak021f44q1pb,2021-11-28T23:59:15.040Z,"28 km N of Chickaloon, Alaska",earthquake,,0.3,,,automatic,ak,ak
2021-11-25T01:36:52.200Z,14.8942,52.3565,10,4.5,mb,,159,9.844,0.91,us,us7000fwxc,2021-11-28T23:28:54.040Z,"146 km S of Al Ghayz?ah, Yemen",earthquake,13.2,1.9,0.11,24,reviewed,us,us
2021-11-25T01:25:11.090Z,14.7334,52.2659,10,4.6,mb,,98,9.71,0.89,us,us7000fwx3,2021-11-28T23:21:59.040Z,"163 km S of Al Ghayz?ah, Yemen",earthquake,11.1,1.9,0.105,27,reviewed,us,us
